id,content,server,channel,created,author,author_created,author_joined
847271519176491048,lmao,Pollard's Problems Pals,general,2021-05-27 00:34:31.715000,sohcahtoa,2020-07-10 04:39:13.079000,2021-05-26 23:01:12.300213
847270738222120980,yes,Pollard's Problems Pals,general,2021-05-27 00:31:25.521000,sohcahtoa,2020-07-10 04:39:13.079000,2021-05-26 23:01:12.300213
847270581804335137,i didn‚Äôt even realize i only replied to you HAHAH sorry,Pollard's Problems Pals,general,2021-05-27 00:30:48.228000,sohcahtoa,2020-07-10 04:39:13.079000,2021-05-26 23:01:12.300213
847270459841314826,great idea,Pollard's Problems Pals,general,2021-05-27 00:30:19.150000,sohcahtoa,2020-07-10 04:39:13.079000,2021-05-26 23:01:12.300213
847270417311203411,bro? üò≠,Pollard's Problems Pals,general,2021-05-27 00:30:09.010000,sohcahtoa,2020-07-10 04:39:13.079000,2021-05-26 23:01:12.300213
847270384961191986,mood,Pollard's Problems Pals,general,2021-05-27 00:30:01.297000,sohcahtoa,2020-07-10 04:39:13.079000,2021-05-26 23:01:12.300213
847241781032386610,Just wanted to br sure,Pollard's Problems Pals,general,2021-05-26 22:36:21.589000,JanAgro,2018-06-26 20:34:18.647000,2021-05-25 22:55:18.410123
847241685578940496,Ok,Pollard's Problems Pals,general,2021-05-26 22:35:58.831000,JanAgro,2018-06-26 20:34:18.647000,2021-05-25 22:55:18.410123
847241435199438868,Is it correct to say that you can  partition the  natural numbers into Even and odds ?,Pollard's Problems Pals,general,2021-05-26 22:34:59.136000,JanAgro,2018-06-26 20:34:18.647000,2021-05-25 22:55:18.410123
847241235965018142,I just want to make sure I have the tight idea,Pollard's Problems Pals,general,2021-05-26 22:34:11.635000,JanAgro,2018-06-26 20:34:18.647000,2021-05-25 22:55:18.410123
847241134399815721,So I'm having  this kind of mental block with the idea of  partitions,Pollard's Problems Pals,general,2021-05-26 22:33:47.420000,JanAgro,2018-06-26 20:34:18.647000,2021-05-25 22:55:18.410123
846911141385207808,mmhm,Pollard's Problems Pals,general,2021-05-26 00:42:30.954000,cppenglishpokemon connoisseur,2020-08-14 11:43:56.272000,2021-05-25 02:52:58.388969
846911108429119538,Well post any questions to the right channel and you can see my solutions to the odd numbers exercises,Pollard's Problems Pals,general,2021-05-26 00:42:23.097000,PollardsRho,2018-04-29 23:42:54.227000,2021-05-25 02:49:58.791000
846910969539592252,ill take a look at it now. I'm pretty busy,Pollard's Problems Pals,general,2021-05-26 00:41:49.983000,cppenglishpokemon connoisseur,2020-08-14 11:43:56.272000,2021-05-25 02:52:58.388969
846910925734936616,fine,Pollard's Problems Pals,general,2021-05-26 00:41:39.539000,cppenglishpokemon connoisseur,2020-08-14 11:43:56.272000,2021-05-25 02:52:58.388969
846910878624645150,Lol let's get through section 0 before we start talking smack,Pollard's Problems Pals,general,2021-05-26 00:41:28.307000,PollardsRho,2018-04-29 23:42:54.227000,2021-05-25 02:49:58.791000
846910731819155517,try not to get left behind button. You are facing the greatness which is myself üòé,Pollard's Problems Pals,general,2021-05-26 00:40:53.306000,cppenglishpokemon connoisseur,2020-08-14 11:43:56.272000,2021-05-25 02:52:58.388969
846910428299001856,Just try to follow our lead or read the book,Pollard's Problems Pals,general,2021-05-26 00:39:40.941000,PollardsRho,2018-04-29 23:42:54.227000,2021-05-25 02:49:58.791000
846910346735255552,Hence my concern lol,Pollard's Problems Pals,general,2021-05-26 00:39:21.495000,PollardsRho,2018-04-29 23:42:54.227000,2021-05-25 02:49:58.791000
846910176870137887,I wont know whats ‚Äústandard‚Äù so u‚Äôll have to spot it when it comes,Pollard's Problems Pals,general,2021-05-26 00:38:40.996000,Button{R},2020-04-15 12:57:12.774000,2021-05-25 03:59:11.086580
846910096193617940,Oh,Pollard's Problems Pals,general,2021-05-26 00:38:21.761000,Button{R},2020-04-15 12:57:12.774000,2021-05-25 03:59:11.086580
846910071556276254,It'll be confusing for newbies to have a ton of different terminology or notation,Pollard's Problems Pals,general,2021-05-26 00:38:15.887000,PollardsRho,2018-04-29 23:42:54.227000,2021-05-25 02:49:58.791000
846910038483927071,What does that mean,Pollard's Problems Pals,general,2021-05-26 00:38:08.002000,Button{R},2020-04-15 12:57:12.774000,2021-05-25 03:59:11.086580
846909998294106122,No worries just try to avoid muddying the waters here,Pollard's Problems Pals,general,2021-05-26 00:37:58.420000,PollardsRho,2018-04-29 23:42:54.227000,2021-05-25 02:49:58.791000
846909897987194891,"Didnt expect u to be upset though, sorry",Pollard's Problems Pals,general,2021-05-26 00:37:34.505000,Button{R},2020-04-15 12:57:12.774000,2021-05-25 03:59:11.086580
846909835248140308,Ok,Pollard's Problems Pals,general,2021-05-26 00:37:19.547000,PollardsRho,2018-04-29 23:42:54.227000,2021-05-25 02:49:58.791000
846909819831189556,I was just giving a heads up for u,Pollard's Problems Pals,general,2021-05-26 00:37:15.871000,Button{R},2020-04-15 12:57:12.774000,2021-05-25 03:59:11.086580
846909778777341952,I didnt say that now,Pollard's Problems Pals,general,2021-05-26 00:37:06.083000,Button{R},2020-04-15 12:57:12.774000,2021-05-25 03:59:11.086580
846909755501838366,I still don't get why the suggestion,Pollard's Problems Pals,general,2021-05-26 00:37:00.534000,PollardsRho,2018-04-29 23:42:54.227000,2021-05-25 02:49:58.791000
846909728273858590,Why would we use a book for physicists?,Pollard's Problems Pals,general,2021-05-26 00:36:54.042000,PollardsRho,2018-04-29 23:42:54.227000,2021-05-25 02:49:58.791000
846909683783565322,Now i was just warning u,Pollard's Problems Pals,general,2021-05-26 00:36:43.435000,Button{R},2020-04-15 12:57:12.774000,2021-05-25 03:59:11.086580
846909663428739072,No before I was making book suggestions,Pollard's Problems Pals,general,2021-05-26 00:36:38.582000,Button{R},2020-04-15 12:57:12.774000,2021-05-25 03:59:11.086580
846909625726664744,haha,Pollard's Problems Pals,general,2021-05-26 00:36:29.593000,cppenglishpokemon connoisseur,2020-08-14 11:43:56.272000,2021-05-25 02:52:58.388969
846909589479096350,But you've posted about how you're not doing this like 3 times,Pollard's Problems Pals,general,2021-05-26 00:36:20.951000,PollardsRho,2018-04-29 23:42:54.227000,2021-05-25 02:49:58.791000
846909552279420928,"Like if you're gonna do this do this, if not not",Pollard's Problems Pals,general,2021-05-26 00:36:12.082000,PollardsRho,2018-04-29 23:42:54.227000,2021-05-25 02:49:58.791000
846909482897506327,This is how i imagined u say it,Pollard's Problems Pals,general,2021-05-26 00:35:55.540000,Button{R},2020-04-15 12:57:12.774000,2021-05-25 03:59:11.086580
846909453739884564,https://tenor.com/view/smhlaugh-tuesday-cat-kitty-attitude-gif-17930846,Pollard's Problems Pals,general,2021-05-26 00:35:48.588000,Button{R},2020-04-15 12:57:12.774000,2021-05-25 03:59:11.086580
846909367618240522,Why did this sound so angry üòÇ,Pollard's Problems Pals,general,2021-05-26 00:35:28.055000,Button{R},2020-04-15 12:57:12.774000,2021-05-25 03:59:11.086580
846909334218866708,I can still try ur problems though lol,Pollard's Problems Pals,general,2021-05-26 00:35:20.092000,Button{R},2020-04-15 12:57:12.774000,2021-05-25 03:59:11.086580
846909292334678036,Ok then go do that,Pollard's Problems Pals,general,2021-05-26 00:35:10.106000,PollardsRho,2018-04-29 23:42:54.227000,2021-05-25 02:49:58.791000
846909260826279996,Except my needs r different,Pollard's Problems Pals,general,2021-05-26 00:35:02.594000,Button{R},2020-04-15 12:57:12.774000,2021-05-25 03:59:11.086580
846909236596310026,Dont have anything against ur book,Pollard's Problems Pals,general,2021-05-26 00:34:56.817000,Button{R},2020-04-15 12:57:12.774000,2021-05-25 03:59:11.086580
846909185844314112,Why so opinionated about a book you seem not to have read,Pollard's Problems Pals,general,2021-05-26 00:34:44.717000,PollardsRho,2018-04-29 23:42:54.227000,2021-05-25 02:49:58.791000
846909165880344616,its more bright blue,Pollard's Problems Pals,general,2021-05-26 00:34:39.957000,cppenglishpokemon connoisseur,2020-08-14 11:43:56.272000,2021-05-25 02:52:58.388969
846909145726582824,discord changed their app logo,Pollard's Problems Pals,general,2021-05-26 00:34:35.152000,cppenglishpokemon connoisseur,2020-08-14 11:43:56.272000,2021-05-25 02:52:58.388969
846909125195726878,i just realized,Pollard's Problems Pals,general,2021-05-26 00:34:30.257000,cppenglishpokemon connoisseur,2020-08-14 11:43:56.272000,2021-05-25 02:52:58.388969
846909116744073256,omg,Pollard's Problems Pals,general,2021-05-26 00:34:28.242000,cppenglishpokemon connoisseur,2020-08-14 11:43:56.272000,2021-05-25 02:52:58.388969
846909101438271538,Pollards im warning ya. I‚Äôll be following Arfken whilst u guys follow this guy,Pollard's Problems Pals,general,2021-05-26 00:34:24.593000,Button{R},2020-04-15 12:57:12.774000,2021-05-25 03:59:11.086580
846909092504272916,Yeah that's clearly defined it's 1-8,Pollard's Problems Pals,general,2021-05-26 00:34:22.463000,PollardsRho,2018-04-29 23:42:54.227000,2021-05-25 02:49:58.791000
846909015296573451,uh it just says ssection 0,Pollard's Problems Pals,general,2021-05-26 00:34:04.055000,Pickle,2017-03-16 00:54:58.857000,2021-05-25 03:03:57.209092
846908950993436723,we have rules?,Pollard's Problems Pals,general,2021-05-26 00:33:48.724000,Pickle,2017-03-16 00:54:58.857000,2021-05-25 03:03:57.209092
846908832953401425,Check announcements,Pollard's Problems Pals,general,2021-05-26 00:33:20.581000,PollardsRho,2018-04-29 23:42:54.227000,2021-05-25 02:49:58.791000
846908755639140352,ü§î i didnt get it but I still loved it,Pollard's Problems Pals,general,2021-05-26 00:33:02.148000,Button{R},2020-04-15 12:57:12.774000,2021-05-25 03:59:11.086580
846908695593615400,you probably have her confused with your mom as she is so fat she literally covers your entire perspective,Pollard's Problems Pals,general,2021-05-26 00:32:47.832000,cppenglishpokemon connoisseur,2020-08-14 11:43:56.272000,2021-05-25 02:52:58.388969
846908653738786895,"<https://discord.com/channels/846580828942237736/846580830931648564/846887977270378517> -downloadable pdf

<https://discord.com/channels/846580828942237736/846580830931648564/846581877657174058> - dropbox of the same pdf",Pollard's Problems Pals,general,2021-05-26 00:32:37.853000,Pickle,2017-03-16 00:54:58.857000,2021-05-25 03:03:57.209092
846908624008904744,But whatever,Pollard's Problems Pals,general,2021-05-26 00:32:30.765000,Button{R},2020-04-15 12:57:12.774000,2021-05-25 03:59:11.086580
846908616069349406,Okay that didnt make sense,Pollard's Problems Pals,general,2021-05-26 00:32:28.872000,Button{R},2020-04-15 12:57:12.774000,2021-05-25 03:59:11.086580
846908602190921749,...,Pollard's Problems Pals,general,2021-05-26 00:32:25.563000,Button{R},2020-04-15 12:57:12.774000,2021-05-25 03:59:11.086580
846908571257929758,Like ur mums,Pollard's Problems Pals,general,2021-05-26 00:32:18.188000,Button{R},2020-04-15 12:57:12.774000,2021-05-25 03:59:11.086580
846908530963382342,there are dozens,Pollard's Problems Pals,general,2021-05-26 00:32:08.581000,cppenglishpokemon connoisseur,2020-08-14 11:43:56.272000,2021-05-25 02:52:58.388969
846908524911001650,IDK MAN GO LOOK IN RESOURCES,Pollard's Problems Pals,general,2021-05-26 00:32:07.138000,Button{R},2020-04-15 12:57:12.774000,2021-05-25 03:59:11.086580
846908519814529075,which one,Pollard's Problems Pals,general,2021-05-26 00:32:05.923000,cppenglishpokemon connoisseur,2020-08-14 11:43:56.272000,2021-05-25 02:52:58.388969
846908501258141757,#notes-resources,Pollard's Problems Pals,general,2021-05-26 00:32:01.499000,Pickle,2017-03-16 00:54:58.857000,2021-05-25 03:03:57.209092
846908489711878174,cpp,Pollard's Problems Pals,general,2021-05-26 00:31:58.746000,Pickle,2017-03-16 00:54:58.857000,2021-05-25 03:03:57.209092
846908475396325376,then friday,Pollard's Problems Pals,general,2021-05-26 00:31:55.333000,Pickle,2017-03-16 00:54:58.857000,2021-05-25 03:03:57.209092
846908473504432148,SEND ME A MESSAGE LINK OF THE PDF,Pollard's Problems Pals,general,2021-05-26 00:31:54.882000,cppenglishpokemon connoisseur,2020-08-14 11:43:56.272000,2021-05-25 02:52:58.388969
846908460356337666,ill probably only get time on thursday,Pollard's Problems Pals,general,2021-05-26 00:31:51.747000,Pickle,2017-03-16 00:54:58.857000,2021-05-25 03:03:57.209092
846908436754464809,Ask him @PollardsRho,Pollard's Problems Pals,general,2021-05-26 00:31:46.120000,Button{R},2020-04-15 12:57:12.774000,2021-05-25 03:59:11.086580
846908424422817792,also how long do i have to do this,Pollard's Problems Pals,general,2021-05-26 00:31:43.180000,Pickle,2017-03-16 00:54:58.857000,2021-05-25 03:03:57.209092
846908418773221376,I heard him say up to page 8,Pollard's Problems Pals,general,2021-05-26 00:31:41.833000,Button{R},2020-04-15 12:57:12.774000,2021-05-25 03:59:11.086580
846908368639098951,what page are we on,Pollard's Problems Pals,general,2021-05-26 00:31:29.880000,Pickle,2017-03-16 00:54:58.857000,2021-05-25 03:03:57.209092
846908359759101963,of course you don't know. You physics major,Pollard's Problems Pals,general,2021-05-26 00:31:27.763000,cppenglishpokemon connoisseur,2020-08-14 11:43:56.272000,2021-05-25 02:52:58.388969
846908356459364363,teacher,Pollard's Problems Pals,general,2021-05-26 00:31:26.976000,Pickle,2017-03-16 00:54:58.857000,2021-05-25 03:03:57.209092
846908295263682591,Apparently up to page 8,Pollard's Problems Pals,general,2021-05-26 00:31:12.386000,Button{R},2020-04-15 12:57:12.774000,2021-05-25 03:59:11.086580
846908239039954944,Idk ü§∑üèª‚Äç‚ôÇÔ∏è ask pollards,Pollard's Problems Pals,general,2021-05-26 00:30:58.981000,Button{R},2020-04-15 12:57:12.774000,2021-05-25 03:59:11.086580
846908207887810593,which am I supposed to read,Pollard's Problems Pals,general,2021-05-26 00:30:51.554000,cppenglishpokemon connoisseur,2020-08-14 11:43:56.272000,2021-05-25 02:52:58.388969
846908169078439957,Yes,Pollard's Problems Pals,general,2021-05-26 00:30:42.301000,Button{R},2020-04-15 12:57:12.774000,2021-05-25 03:59:11.086580
846908143631073290,@Button{R},Pollard's Problems Pals,general,2021-05-26 00:30:36.234000,cppenglishpokemon connoisseur,2020-08-14 11:43:56.272000,2021-05-25 02:52:58.388969
846908141127073863,@Button{R},Pollard's Problems Pals,general,2021-05-26 00:30:35.637000,cppenglishpokemon connoisseur,2020-08-14 11:43:56.272000,2021-05-25 02:52:58.388969
846908139441618944,@Button{R},Pollard's Problems Pals,general,2021-05-26 00:30:35.235000,cppenglishpokemon connoisseur,2020-08-14 11:43:56.272000,2021-05-25 02:52:58.388969
846908125901750293,button,Pollard's Problems Pals,general,2021-05-26 00:30:32.007000,cppenglishpokemon connoisseur,2020-08-14 11:43:56.272000,2021-05-25 02:52:58.388969
846908116347781130,send me a message link,Pollard's Problems Pals,general,2021-05-26 00:30:29.729000,cppenglishpokemon connoisseur,2020-08-14 11:43:56.272000,2021-05-25 02:52:58.388969
846908100488593408,"ok so like, which notes am I supposed to read",Pollard's Problems Pals,general,2021-05-26 00:30:25.948000,cppenglishpokemon connoisseur,2020-08-14 11:43:56.272000,2021-05-25 02:52:58.388969
846908073724477440,I got no idea how pollards has perfectly executed this and made everyone want to actually study more than they study their own school stuff,Pollard's Problems Pals,general,2021-05-26 00:30:19.567000,Button{R},2020-04-15 12:57:12.774000,2021-05-25 03:59:11.086580
846907917927972904,i shou.d probably start reading the notes,Pollard's Problems Pals,general,2021-05-26 00:29:42.422000,cppenglishpokemon connoisseur,2020-08-14 11:43:56.272000,2021-05-25 02:52:58.388969
846907899049672725,General chat,Pollard's Problems Pals,general,2021-05-26 00:29:37.921000,Button{R},2020-04-15 12:57:12.774000,2021-05-25 03:59:11.086580
846907872901726258,ohyeah,Pollard's Problems Pals,general,2021-05-26 00:29:31.687000,cppenglishpokemon connoisseur,2020-08-14 11:43:56.272000,2021-05-25 02:52:58.388969
846903177068281897,Used a lot by engineers to solve things numerically,Pollard's Problems Pals,general,2021-05-26 00:10:52.113000,PollardsRho,2018-04-29 23:42:54.227000,2021-05-25 02:49:58.791000
846903141123489832,It's basically Eulers method but better,Pollard's Problems Pals,general,2021-05-26 00:10:43.543000,PollardsRho,2018-04-29 23:42:54.227000,2021-05-25 02:49:58.791000
846902849462992987,Sounds like a computer scientist,Pollard's Problems Pals,general,2021-05-26 00:09:34.006000,Button{R},2020-04-15 12:57:12.774000,2021-05-25 03:59:11.086580
846902780425273354,I have never heard of runge kutta,Pollard's Problems Pals,general,2021-05-26 00:09:17.546000,Button{R},2020-04-15 12:57:12.774000,2021-05-25 03:59:11.086580
846902649126518834,Yeah I've done Runge Kutta and tried to implement some symplectic integrator stuff but all of that is mostly just doing Eulers method efficiently,Pollard's Problems Pals,general,2021-05-26 00:08:46.242000,PollardsRho,2018-04-29 23:42:54.227000,2021-05-25 02:49:58.791000
846902376945156106,That one uses the dirac delta function!,Pollard's Problems Pals,general,2021-05-26 00:07:41.349000,Button{R},2020-04-15 12:57:12.774000,2021-05-25 03:59:11.086580
846902293525037057,Green‚Äôs method of solvign diff eq?,Pollard's Problems Pals,general,2021-05-26 00:07:21.460000,Button{R},2020-04-15 12:57:12.774000,2021-05-25 03:59:11.086580
846902268217393215,Idk the name of the methid,Pollard's Problems Pals,general,2021-05-26 00:07:15.426000,Button{R},2020-04-15 12:57:12.774000,2021-05-25 03:59:11.086580
846902245110841375,U guys should also learn green‚Äôs function,Pollard's Problems Pals,general,2021-05-26 00:07:09.917000,Button{R},2020-04-15 12:57:12.774000,2021-05-25 03:59:11.086580
846902060984303617,So every function is turned into a power series,Pollard's Problems Pals,general,2021-05-26 00:06:26.018000,Button{R},2020-04-15 12:57:12.774000,2021-05-25 03:59:11.086580
846902046354964510,Tge function  doesn't have  a nice anti derivative,Pollard's Problems Pals,general,2021-05-26 00:06:22.530000,JanAgro,2018-06-26 20:34:18.647000,2021-05-25 22:55:18.410123
846902029644333107,Its so cool essentially its an attempt to solve diff eq by turning things into a power series,Pollard's Problems Pals,general,2021-05-26 00:06:18.546000,Button{R},2020-04-15 12:57:12.774000,2021-05-25 03:59:11.086580
846901957688033320,Sometimes  you have to approximate,Pollard's Problems Pals,general,2021-05-26 00:06:01.390000,JanAgro,2018-06-26 20:34:18.647000,2021-05-25 22:55:18.410123
846901911550427167,Never done that though what's it used for,Pollard's Problems Pals,general,2021-05-26 00:05:50.390000,PollardsRho,2018-04-29 23:42:54.227000,2021-05-25 02:49:58.791000
846901905338662943,And methods,Pollard's Problems Pals,general,2021-05-26 00:05:48.909000,Button{R},2020-04-15 12:57:12.774000,2021-05-25 03:59:11.086580
846901895342718996,Random formulas,Pollard's Problems Pals,general,2021-05-26 00:05:46.526000,Button{R},2020-04-15 12:57:12.774000,2021-05-25 03:59:11.086580
846901865157230622,I‚Äôll take that as a maybe lol,Pollard's Problems Pals,general,2021-05-26 00:05:39.329000,Button{R},2020-04-15 12:57:12.774000,2021-05-25 03:59:11.086580
846901769652011038,I've coded simulations of double and triple pendulums and had to use some weird stuff,Pollard's Problems Pals,general,2021-05-26 00:05:16.559000,PollardsRho,2018-04-29 23:42:54.227000,2021-05-25 02:49:58.791000
846901723591213087,Even frobenius?,Pollard's Problems Pals,general,2021-05-26 00:05:05.577000,Button{R},2020-04-15 12:57:12.774000,2021-05-25 03:59:11.086580
846901650072928256,I'm not unfamiliar with numerical diff eq solve methods,Pollard's Problems Pals,general,2021-05-26 00:04:48.049000,PollardsRho,2018-04-29 23:42:54.227000,2021-05-25 02:49:58.791000
846901105074241556,Rekt,Pollard's Problems Pals,general,2021-05-26 00:02:38.111000,Button{R},2020-04-15 12:57:12.774000,2021-05-25 03:59:11.086580
846901099558207558,Get rejt,Pollard's Problems Pals,general,2021-05-26 00:02:36.796000,Button{R},2020-04-15 12:57:12.774000,2021-05-25 03:59:11.086580
846901078088089611,Thats how this whole pi^2 = g thing came from,Pollard's Problems Pals,general,2021-05-26 00:02:31.677000,Button{R},2020-04-15 12:57:12.774000,2021-05-25 03:59:11.086580
846901032448819230,I'm getting pinged everytime,Pollard's Problems Pals,general,2021-05-26 00:02:20.796000,cppenglishpokemon connoisseur,2020-08-14 11:43:56.272000,2021-05-25 02:52:58.388969
846900985522552842,I hate approximations,Pollard's Problems Pals,general,2021-05-26 00:02:09.608000,Button{R},2020-04-15 12:57:12.774000,2021-05-25 03:59:11.086580
846900919395155988,Something  like that,Pollard's Problems Pals,general,2021-05-26 00:01:53.842000,JanAgro,2018-06-26 20:34:18.647000,2021-05-25 22:55:18.410123
846900435662798848,If I remember right,Pollard's Problems Pals,general,2021-05-25 23:59:58.511000,Button{R},2020-04-15 12:57:12.774000,2021-05-25 03:59:11.086580
846900392809332767,Ohhhh its that approximation method with repetitions,Pollard's Problems Pals,general,2021-05-25 23:59:48.294000,Button{R},2020-04-15 12:57:12.774000,2021-05-25 03:59:11.086580
846900325607931945,It's like for numerical integration,Pollard's Problems Pals,general,2021-05-25 23:59:32.272000,JanAgro,2018-06-26 20:34:18.647000,2021-05-25 22:55:18.410123
846900258360655882,Which one is that,Pollard's Problems Pals,general,2021-05-25 23:59:16.239000,Button{R},2020-04-15 12:57:12.774000,2021-05-25 03:59:11.086580
846900233002418187,But to understand it a teeny tiny teeny weeny bit more u should learn about linear independence of vectors and think of functions as an infinite-dimensional vector space (function space),Pollard's Problems Pals,general,2021-05-25 23:59:10.193000,Button{R},2020-04-15 12:57:12.774000,2021-05-25 03:59:11.086580
846900140358762496,How about  Euler method,Pollard's Problems Pals,general,2021-05-25 23:58:48.105000,JanAgro,2018-06-26 20:34:18.647000,2021-05-25 22:55:18.410123
846900040001388564,Something called Frobenius method its so damn awesome,Pollard's Problems Pals,general,2021-05-25 23:58:24.178000,Button{R},2020-04-15 12:57:12.774000,2021-05-25 03:59:11.086580
846899996334620713,I swear u would love to learn about diff equations,Pollard's Problems Pals,general,2021-05-25 23:58:13.767000,Button{R},2020-04-15 12:57:12.774000,2021-05-25 03:59:11.086580
846899957201109032,Pollards,Pollard's Problems Pals,general,2021-05-25 23:58:04.437000,Button{R},2020-04-15 12:57:12.774000,2021-05-25 03:59:11.086580
846888627791331358,: / im surprised,Pollard's Problems Pals,general,2021-05-25 23:13:03.295000,Button{R},2020-04-15 12:57:12.774000,2021-05-25 03:59:11.086580
846888505501548581,"I did some HS intros to graph theory/topology and I've done some learning on my own, but my actual knowledge pretty much stops cold at multivariable",Pollard's Problems Pals,general,2021-05-25 23:12:34.139000,PollardsRho,2018-04-29 23:42:54.227000,2021-05-25 02:49:58.791000
846888372915929128,I'm not actually a math student or even a math-adjacent science student,Pollard's Problems Pals,general,2021-05-25 23:12:02.528000,PollardsRho,2018-04-29 23:42:54.227000,2021-05-25 02:49:58.791000
846888300324978718,I seeeeeeeee,Pollard's Problems Pals,general,2021-05-25 23:11:45.221000,Button{R},2020-04-15 12:57:12.774000,2021-05-25 03:59:11.086580
846888292536549376,as I've said in the past,Pollard's Problems Pals,general,2021-05-25 23:11:43.364000,PollardsRho,2018-04-29 23:42:54.227000,2021-05-25 02:49:58.791000
846888257786216508,I've never done complex analysis of any kind,Pollard's Problems Pals,general,2021-05-25 23:11:35.079000,PollardsRho,2018-04-29 23:42:54.227000,2021-05-25 02:49:58.791000
846888167234600980,R u good with branch cuts,Pollard's Problems Pals,general,2021-05-25 23:11:13.490000,Button{R},2020-04-15 12:57:12.774000,2021-05-25 03:59:11.086580
846888139989844008,Polllards,Pollard's Problems Pals,general,2021-05-25 23:11:06.994000,Button{R},2020-04-15 12:57:12.774000,2021-05-25 03:59:11.086580
846888101481807892,gracias,Pollard's Problems Pals,general,2021-05-25 23:10:57.813000,PollardsRho,2018-04-29 23:42:54.227000,2021-05-25 02:49:58.791000
846888070913196033,yup,Pollard's Problems Pals,general,2021-05-25 23:10:50.525000,Pickle,2017-03-16 00:54:58.857000,2021-05-25 03:03:57.209092
846887926876340244,ty,Pollard's Problems Pals,general,2021-05-25 23:10:16.184000,PollardsRho,2018-04-29 23:42:54.227000,2021-05-25 02:49:58.791000
846887886501576725,"you can post in #notes-resources now, do you mind attaching that?",Pollard's Problems Pals,general,2021-05-25 23:10:06.558000,PollardsRho,2018-04-29 23:42:54.227000,2021-05-25 02:49:58.791000
846887831958847518,I might have a look for my abstract algebra notes tommorow,Pollard's Problems Pals,general,2021-05-25 23:09:53.554000,JanAgro,2018-06-26 20:34:18.647000,2021-05-25 22:55:18.410123
846887740159033344,Yeah,Pollard's Problems Pals,general,2021-05-25 23:09:31.667000,JanAgro,2018-06-26 20:34:18.647000,2021-05-25 22:55:18.410123
846887699579142165,yeah it's like basic math definitions and a foundation,Pollard's Problems Pals,general,2021-05-25 23:09:21.992000,PollardsRho,2018-04-29 23:42:54.227000,2021-05-25 02:49:58.791000
846887636832354365,Ok section  0 is sets,Pollard's Problems Pals,general,2021-05-25 23:09:07.032000,JanAgro,2018-06-26 20:34:18.647000,2021-05-25 22:55:18.410123
846887636604944384,do you mind posting that in #notes-resources ? lemme open it up real quick,Pollard's Problems Pals,general,2021-05-25 23:09:06.978000,PollardsRho,2018-04-29 23:42:54.227000,2021-05-25 02:49:58.791000
846887574877241354,yea,Pollard's Problems Pals,general,2021-05-25 23:08:52.261000,Pickle,2017-03-16 00:54:58.857000,2021-05-25 03:03:57.209092
846887463535902731,why can't I link files that big?,Pollard's Problems Pals,general,2021-05-25 23:08:25.715000,PollardsRho,2018-04-29 23:42:54.227000,2021-05-25 02:49:58.791000
846887440777216000,wait do you have nitro?,Pollard's Problems Pals,general,2021-05-25 23:08:20.289000,PollardsRho,2018-04-29 23:42:54.227000,2021-05-25 02:49:58.791000
846887360145784842,Ok that works,Pollard's Problems Pals,general,2021-05-25 23:08:01.065000,JanAgro,2018-06-26 20:34:18.647000,2021-05-25 22:55:18.410123
846887279972712488,downloadable pdf,Pollard's Problems Pals,general,2021-05-25 23:07:41.950000,Pickle,2017-03-16 00:54:58.857000,2021-05-25 03:03:57.209092
846887276961464352,,Pollard's Problems Pals,general,2021-05-25 23:07:41.232000,Pickle,2017-03-16 00:54:58.857000,2021-05-25 03:03:57.209092
846887231402672179,"hmm, works for me in private mode",Pollard's Problems Pals,general,2021-05-25 23:07:30.370000,PollardsRho,2018-04-29 23:42:54.227000,2021-05-25 02:49:58.791000
846887021649068073,Yes,Pollard's Problems Pals,general,2021-05-25 23:06:40.361000,JanAgro,2018-06-26 20:34:18.647000,2021-05-25 22:55:18.410123
846886987273469992,which one? the book?,Pollard's Problems Pals,general,2021-05-25 23:06:32.165000,PollardsRho,2018-04-29 23:42:54.227000,2021-05-25 02:49:58.791000
846886940249817158,hmm,Pollard's Problems Pals,general,2021-05-25 23:06:20.954000,PollardsRho,2018-04-29 23:42:54.227000,2021-05-25 02:49:58.791000
846886785727463454,It keeps on saying  invalid format,Pollard's Problems Pals,general,2021-05-25 23:05:44.113000,JanAgro,2018-06-26 20:34:18.647000,2021-05-25 22:55:18.410123
846886730740793384,The link isn't working  for me,Pollard's Problems Pals,general,2021-05-25 23:05:31.003000,JanAgro,2018-06-26 20:34:18.647000,2021-05-25 22:55:18.410123
846886416381509673,next week I plan to do chapters 1 and 2,Pollard's Problems Pals,general,2021-05-25 23:04:16.054000,PollardsRho,2018-04-29 23:42:54.227000,2021-05-25 02:49:58.791000
846886379840733184,probably like a ten-minute refresher,Pollard's Problems Pals,general,2021-05-25 23:04:07.342000,PollardsRho,2018-04-29 23:42:54.227000,2021-05-25 02:49:58.791000
846886343350943744,"this week is just section 0, which you should already know basically all of",Pollard's Problems Pals,general,2021-05-25 23:03:58.642000,PollardsRho,2018-04-29 23:42:54.227000,2021-05-25 02:49:58.791000
846886303677284402,neato,Pollard's Problems Pals,general,2021-05-25 23:03:49.183000,PollardsRho,2018-04-29 23:42:54.227000,2021-05-25 02:49:58.791000
846886285229555772,I'll have a look at it tommorow,Pollard's Problems Pals,general,2021-05-25 23:03:44.785000,JanAgro,2018-06-26 20:34:18.647000,2021-05-25 22:55:18.410123
846886146259812372,"at least that's the hope, and having skimmed through the first 11 chapters it seems pretty forgiving",Pollard's Problems Pals,general,2021-05-25 23:03:11.652000,PollardsRho,2018-04-29 23:42:54.227000,2021-05-25 02:49:58.791000
846886109917216808,Hmm ok,Pollard's Problems Pals,general,2021-05-25 23:03:02.987000,JanAgro,2018-06-26 20:34:18.647000,2021-05-25 22:55:18.410123
846886070972841994,"this book is intended to be the first non-high-school-math course math students take, so it should be pretty forgiving",Pollard's Problems Pals,general,2021-05-25 23:02:53.702000,PollardsRho,2018-04-29 23:42:54.227000,2021-05-25 02:49:58.791000
846885976500731974,"again, you having actually done this puts you ahead of basically everyone here lol",Pollard's Problems Pals,general,2021-05-25 23:02:31.178000,PollardsRho,2018-04-29 23:42:54.227000,2021-05-25 02:49:58.791000
846885917108469770,So that's where I'm starting from re group theory,Pollard's Problems Pals,general,2021-05-25 23:02:17.018000,JanAgro,2018-06-26 20:34:18.647000,2021-05-25 22:55:18.410123
846885829297438720,But i didn't do really any math course that wasn't  calculus after that,Pollard's Problems Pals,general,2021-05-25 23:01:56.082000,JanAgro,2018-06-26 20:34:18.647000,2021-05-25 22:55:18.410123
846885689080414209,And Analysis,Pollard's Problems Pals,general,2021-05-25 23:01:22.652000,JanAgro,2018-06-26 20:34:18.647000,2021-05-25 22:55:18.410123
846885661700915240,I did Abstact Algebra in 1st yr,Pollard's Problems Pals,general,2021-05-25 23:01:16.124000,JanAgro,2018-06-26 20:34:18.647000,2021-05-25 22:55:18.410123
846885561942802482,Like I'm not going to  lie,Pollard's Problems Pals,general,2021-05-25 23:00:52.340000,JanAgro,2018-06-26 20:34:18.647000,2021-05-25 22:55:18.410123
846885334142025790,yeah,Pollard's Problems Pals,general,2021-05-25 22:59:58.028000,PollardsRho,2018-04-29 23:42:54.227000,2021-05-25 02:49:58.791000
846885324352782337,Have you heard of Dedekind cuts?,Pollard's Problems Pals,general,2021-05-25 22:59:55.694000,JanAgro,2018-06-26 20:34:18.647000,2021-05-25 22:55:18.410123
846885232103653446,Yea,Pollard's Problems Pals,general,2021-05-25 22:59:33.700000,JanAgro,2018-06-26 20:34:18.647000,2021-05-25 22:55:18.410123
846885182874058815,I think that is just the standard proof that sqrt(2) is irrational though,Pollard's Problems Pals,general,2021-05-25 22:59:21.963000,PollardsRho,2018-04-29 23:42:54.227000,2021-05-25 02:49:58.791000
846885078990585892,so there is a lot of cross-talk there,Pollard's Problems Pals,general,2021-05-25 22:58:57.195000,PollardsRho,2018-04-29 23:42:54.227000,2021-05-25 02:49:58.791000
846885064205795398,"group theory is used in Galois theory, which is how the quintics and up were proved unsolvable",Pollard's Problems Pals,general,2021-05-25 22:58:53.670000,PollardsRho,2018-04-29 23:42:54.227000,2021-05-25 02:49:58.791000
846884989274816523,uh not really? I guess you could phrase it in group theory terms,Pollard's Problems Pals,general,2021-05-25 22:58:35.805000,PollardsRho,2018-04-29 23:42:54.227000,2021-05-25 02:49:58.791000
846884902842138624,Is that group theory ?,Pollard's Problems Pals,general,2021-05-25 22:58:15.198000,JanAgro,2018-06-26 20:34:18.647000,2021-05-25 22:55:18.410123
846884761510871040,Show that the Rationals are not closed under rooting,Pollard's Problems Pals,general,2021-05-25 22:57:41.502000,JanAgro,2018-06-26 20:34:18.647000,2021-05-25 22:55:18.410123
846884726076866650,"yup my plan was to work up until chapter 11 so basic group theory up till permutation groups, Cayley's theorem, subgroups/products, and Lagrange's theorem",Pollard's Problems Pals,general,2021-05-25 22:57:33.054000,PollardsRho,2018-04-29 23:42:54.227000,2021-05-25 02:49:58.791000
846884569046581318,Ok Early  group theory,Pollard's Problems Pals,general,2021-05-25 22:56:55.615000,JanAgro,2018-06-26 20:34:18.647000,2021-05-25 22:55:18.410123
846884523374673950,Ive just got ants in my pants,Pollard's Problems Pals,general,2021-05-25 22:56:44.726000,Button{R},2020-04-15 12:57:12.774000,2021-05-25 03:59:11.086580
846884522591125524,perfectly normal,Pollard's Problems Pals,general,2021-05-25 22:56:44.539000,PollardsRho,2018-04-29 23:42:54.227000,2021-05-25 02:49:58.791000
846884504181276694,it's like saying welcome after letting someone into your house,Pollard's Problems Pals,general,2021-05-25 22:56:40.150000,PollardsRho,2018-04-29 23:42:54.227000,2021-05-25 02:49:58.791000
846884468228751410,everyone's a critic,Pollard's Problems Pals,general,2021-05-25 22:56:31.578000,PollardsRho,2018-04-29 23:42:54.227000,2021-05-25 02:49:58.791000
846884405736636436,Jan came from the other server. Thats like inviting somebody from one room in ur house to another and then saying hi after the conversation starts again,Pollard's Problems Pals,general,2021-05-25 22:56:16.679000,Button{R},2020-04-15 12:57:12.774000,2021-05-25 03:59:11.086580
846884345293963285,Yo,Pollard's Problems Pals,general,2021-05-25 22:56:02.268000,JanAgro,2018-06-26 20:34:18.647000,2021-05-25 22:55:18.410123
846884260488675378,bonjour,Pollard's Problems Pals,general,2021-05-25 22:55:42.049000,PollardsRho,2018-04-29 23:42:54.227000,2021-05-25 02:49:58.791000
846839594204004362,Cursed image,Pollard's Problems Pals,general,2021-05-25 19:58:12.777000,Button{R},2020-04-15 12:57:12.774000,2021-05-25 03:59:11.086580
846839313149067394,Just give me 2 days then I‚Äôll be free to chow down on groups,Pollard's Problems Pals,general,2021-05-25 19:57:05.768000,Button{R},2020-04-15 12:57:12.774000,2021-05-25 03:59:11.086580
846839180720865350,the number of partitions of 5 elements,Pollard's Problems Pals,general,2021-05-25 19:56:34.195000,PollardsRho,2018-04-29 23:42:54.227000,2021-05-25 02:49:58.791000
846839151688024074,if you want to try an exercise do exercise 27 and see if your answer matches mine,Pollard's Problems Pals,general,2021-05-25 19:56:27.273000,PollardsRho,2018-04-29 23:42:54.227000,2021-05-25 02:49:58.791000
846839016635629619,Anyways,Pollard's Problems Pals,general,2021-05-25 19:55:55.074000,Button{R},2020-04-15 12:57:12.774000,2021-05-25 03:59:11.086580
846839009003044894,Ahem,Pollard's Problems Pals,general,2021-05-25 19:55:53.254000,Button{R},2020-04-15 12:57:12.774000,2021-05-25 03:59:11.086580
846839004828926022,I have a problem with every book,Pollard's Problems Pals,general,2021-05-25 19:55:52.259000,Button{R},2020-04-15 12:57:12.774000,2021-05-25 03:59:11.086580
846838799527051315,I've read up until section 2 and so far so good,Pollard's Problems Pals,general,2021-05-25 19:55:03.311000,PollardsRho,2018-04-29 23:42:54.227000,2021-05-25 02:49:58.791000
846838771307380756,like do you have a problem with this book?,Pollard's Problems Pals,general,2021-05-25 19:54:56.583000,PollardsRho,2018-04-29 23:42:54.227000,2021-05-25 02:49:58.791000
846838659071868928,So far into the book it has been purely groupy,Pollard's Problems Pals,general,2021-05-25 19:54:29.824000,Button{R},2020-04-15 12:57:12.774000,2021-05-25 03:59:11.086580
846838649890537473,but ya know if you like the proof of something or you like an example go right ahead,Pollard's Problems Pals,general,2021-05-25 19:54:27.635000,PollardsRho,2018-04-29 23:42:54.227000,2021-05-25 02:49:58.791000
846838602511810593,not for section 0 bc I can't imagine it's much different,Pollard's Problems Pals,general,2021-05-25 19:54:16.339000,PollardsRho,2018-04-29 23:42:54.227000,2021-05-25 02:49:58.791000
846838560039895051,"if you feel like anything specific from Arfken is useful, feel free to link it in #section-musings",Pollard's Problems Pals,general,2021-05-25 19:54:06.213000,PollardsRho,2018-04-29 23:42:54.227000,2021-05-25 02:49:58.791000
846838408038580314,I don't want to have examples that require any background,Pollard's Problems Pals,general,2021-05-25 19:53:29.973000,PollardsRho,2018-04-29 23:42:54.227000,2021-05-25 02:49:58.791000
846838395279376405,ü§¨,Pollard's Problems Pals,general,2021-05-25 19:53:26.931000,Button{R},2020-04-15 12:57:12.774000,2021-05-25 03:59:11.086580
846838358860234803,also we're not physicists,Pollard's Problems Pals,general,2021-05-25 19:53:18.248000,PollardsRho,2018-04-29 23:42:54.227000,2021-05-25 02:49:58.791000
846838308374052944,which is where most of us are,Pollard's Problems Pals,general,2021-05-25 19:53:06.211000,PollardsRho,2018-04-29 23:42:54.227000,2021-05-25 02:49:58.791000
846838287158083624,"this is a first course in abstract algebra, it seems to be targeted at students for which this is the first proof-based course they take",Pollard's Problems Pals,general,2021-05-25 19:53:01.153000,PollardsRho,2018-04-29 23:42:54.227000,2021-05-25 02:49:58.791000
846838165536112650,That one I like the most out of 3 I have seen so far,Pollard's Problems Pals,general,2021-05-25 19:52:32.156000,Button{R},2020-04-15 12:57:12.774000,2021-05-25 03:59:11.086580
846838108607086622,Why r we not using Arfken again?,Pollard's Problems Pals,general,2021-05-25 19:52:18.583000,Button{R},2020-04-15 12:57:12.774000,2021-05-25 03:59:11.086580
846815460028317757,But darn some of those questions look fun,Pollard's Problems Pals,general,2021-05-25 18:22:18.741000,Raphael_v4,2020-06-26 10:30:14.771000,2021-05-25 04:35:58.333375
846813761636794419,üò¶,Pollard's Problems Pals,general,2021-05-25 18:15:33.813000,xoxo,2020-01-25 17:20:41.936000,2021-05-25 02:56:31.814706
846813510364037130,"""how many partitions of 5 elements are there?""",Pollard's Problems Pals,general,2021-05-25 18:14:33.905000,PollardsRho,2018-04-29 23:42:54.227000,2021-05-25 02:49:58.791000
846813450033168414,I'm having trouble with exercise 27 lol,Pollard's Problems Pals,general,2021-05-25 18:14:19.521000,PollardsRho,2018-04-29 23:42:54.227000,2021-05-25 02:49:58.791000
846813425488363530,yup! that's what #section-help is for,Pollard's Problems Pals,general,2021-05-25 18:14:13.669000,PollardsRho,2018-04-29 23:42:54.227000,2021-05-25 02:49:58.791000
846813354848944199,I‚Äôll ask help if I need anyways,Pollard's Problems Pals,general,2021-05-25 18:13:56.827000,xoxo,2020-01-25 17:20:41.936000,2021-05-25 02:56:31.814706
